{"companies": {"rows": 77096, "columns": 5, "file_size": 551406}, "shuttles": {"rows": 77096, "columns": 13, "file_size": 1237743}, "reviews": {"rows": 77096, "columns": 10, "file_size": 934637}, "companies_prep": {"rows": 77096, "columns": 5, "file_size": 550616}, "shuttles_prep": {"rows": 77096, "columns": 13}, "prepared_data": {"rows": 10000, "columns": 9, "file_size": 74650}, "X_train": {"rows": 8000, "columns": 8, "file_size": 75886}, "X_valid": {"rows": 1000, "columns": 8, "file_size": 15502}, "X_test": {"rows": 1000, "columns": 8, "file_size": 15670}, "y_train": {"rows": 8000, "columns": 1, "file_size": 56124}, "y_valid": {"rows": 1000, "columns": 1, "file_size": 9009}, "y_test": {"rows": 1000, "columns": 1, "file_size": 9048}}